model_strong,model_weak,strong_pass@1_base,strong_pass@1_plus,k,weak_base_success_rate,weak_base_success_rate_sem,weak_plus_success_rate,weak_plus_success_rate_sem
chatgpt_temp_0.8,code-llama-7b_temp_0.8,0.6939024390243902,0.6280792682926829,11,0.7115853658536585,0.004086831836639353,0.5735772357723579,0.004330111118132061
chatgpt_temp_0.8,codegen-6b_temp_0.8,0.6939024390243902,0.6280792682926829,73,0.6969512195121951,0.003847319921670328,0.5516260162601626,0.004385096852358583
chatgpt_temp_0.8,code-llama-13b_temp_0.8,0.6939024390243902,0.6280792682926829,6,0.7123983739837398,0.0035680236768183154,0.5817073170731708,0.004577459596832273
chatgpt_temp_0.8,mistral-7b_temp_0.8,0.6939024390243902,0.6280792682926829,29,0.6934959349593496,0.0038126238531435634,0.5491869918699187,0.004713811509612676
chatgpt_temp_0.8,codet5p-16b_temp_0.8,0.6939024390243902,0.6280792682926829,25,0.7010162601626017,0.00384015477917881,0.5601626016260162,0.0036100368552161137
chatgpt_temp_0.8,starcoder_temp_0.8,0.6939024390243902,0.6280792682926829,27,0.7020325203252032,0.00386428388932623,0.5609756097560976,0.0036472273262045394
gpt-4_temp_0.0,code-llama-7b_temp_0.8,0.8841463414634146,0.7926829268292683,80,0.8859756097560976,0.002698740045276376,0.6876016260162602,0.004614164355750123
gpt-4_temp_0.0,code-llama-13b_temp_0.8,0.8841463414634146,0.7926829268292683,35,0.8867886178861789,0.002046362081911863,0.7008130081300813,0.003877091346646737
