model_strong,model_weak,strong_pass@1_base,strong_pass@1_plus,k,weak_base_success_rate,weak_base_success_rate_sem,weak_plus_success_rate,weak_plus_success_rate_sem
chatgpt_temp_0.8,code-llama-7b_temp_0.8,0.6939024390243902,0.6280792682926829,11,0.6965447154471546,0.004487069624778842,0.5609756097560975,0.004085315293138569
chatgpt_temp_0.8,codegen-6b_temp_0.8,0.6939024390243902,0.6280792682926829,73,0.6953252032520326,0.003967147849200643,0.5538617886178862,0.0038358492693367054
chatgpt_temp_0.8,code-llama-13b_temp_0.8,0.6939024390243902,0.6280792682926829,6,0.70609756097561,0.004296269135159461,0.5747967479674797,0.00520526299215965
chatgpt_temp_0.8,mistral-7b_temp_0.8,0.6939024390243902,0.6280792682926829,29,0.6914634146341462,0.0043649527465190584,0.5520325203252032,0.004650283319383504
chatgpt_temp_0.8,codet5p-16b_temp_0.8,0.6939024390243902,0.6280792682926829,25,0.7002032520325205,0.004025040324161003,0.5497967479674796,0.004136399420153024
chatgpt_temp_0.8,starcoder_temp_0.8,0.6939024390243902,0.6280792682926829,27,0.6926829268292684,0.0038198406376694304,0.5522357723577236,0.003831538921385509
gpt-4_temp_0.0,code-llama-7b_temp_0.8,0.8841463414634146,0.7926829268292683,80,0.8876016260162601,0.002399464636493962,0.691260162601626,0.0033825844601662763
gpt-4_temp_0.0,code-llama-13b_temp_0.8,0.8841463414634146,0.7926829268292683,35,0.8843495934959349,0.0019597403157071724,0.6989837398373983,0.00380774479130469
