model_strong,model_weak,strong_pass@1_base,strong_pass@1_plus,k,weak_base_success_rate,weak_base_success_rate_sem,weak_plus_success_rate,weak_plus_success_rate_sem
chatgpt_temp_0.8,code-llama-7b_temp_0.8,0.6939024390243902,0.6280792682926829,11,0.7046747967479675,0.0037442900911272546,0.5682926829268293,0.003945393677577534
chatgpt_temp_0.8,codegen-6b_temp_0.8,0.6939024390243902,0.6280792682926829,73,0.6939024390243902,0.0038068405751034607,0.5532520325203253,0.004204255723496866
chatgpt_temp_0.8,code-llama-13b_temp_0.8,0.6939024390243902,0.6280792682926829,6,0.714430894308943,0.002974478511993929,0.58739837398374,0.0042277725641795905
chatgpt_temp_0.8,mistral-7b_temp_0.8,0.6939024390243902,0.6280792682926829,29,0.6922764227642275,0.0037448417089893248,0.5461382113821138,0.0035167104995390244
chatgpt_temp_0.8,codet5p-16b_temp_0.8,0.6939024390243902,0.6280792682926829,25,0.697560975609756,0.0032469472435310304,0.5565040650406504,0.003448502829815584
chatgpt_temp_0.8,starcoder_temp_0.8,0.6939024390243902,0.6280792682926829,27,0.7016260162601624,0.004291779489393853,0.566260162601626,0.0041726937703029255
gpt-4_temp_0.0,code-llama-7b_temp_0.8,0.8841463414634146,0.7926829268292683,80,0.8827235772357724,0.002565864048670149,0.6857723577235773,0.004764371003327846
gpt-4_temp_0.0,code-llama-13b_temp_0.8,0.8841463414634146,0.7926829268292683,35,0.8876016260162601,0.0020863468851514667,0.6997967479674797,0.004412800879037558
